name,link_id,osm_way_id,from_node_id,to_node_id,dir_flag,length,lanes,free_speed,capacity,link_type_name,link_type,geometry,allowed_uses,from_biway,is_link,VDF_fftt1,VDF_cap1
1,0,24447770,0,1,1,14,,,,tertiary,5,"LINESTRING (116.3439109 39.9431121, 116.3438490 39.9429953)",auto,0,0,,
2,1,27572729,2,3,1,80.76,,,,secondary,4,"LINESTRING (116.3289309 39.9570000, 116.3290079 39.9562747)",auto,0,0,,
3,2,27572738,4,5,1,254.34,3,,,secondary,4,"LINESTRING (116.3298219 39.9509281, 116.3300501 39.9502510, 116.3303104 39.9497231, 116.3306254 39.9491597, 116.3309330 39.9488200)",auto,0,0,,
4,3,27572738,5,6,1,33.35,3,,,secondary,4,"LINESTRING (116.3309330 39.9488200, 116.3311680 39.9485801)",auto,0,0,,
5,4,27572738,6,7,1,354.62,3,,,secondary,4,"LINESTRING (116.3311680 39.9485801, 116.3313792 39.9483461, 116.3317148 39.9480854, 116.3331762 39.9472197, 116.3343333 39.9465343)",auto,0,0,,
6,5,27572738,7,8,1,7.6,3,,,secondary,4,"LINESTRING (116.3343333 39.9465343, 116.3344038 39.9464925)",auto,0,0,,
7,6,27572738,8,9,1,20.55,3,,,secondary,4,"LINESTRING (116.3344038 39.9464925, 116.3345943 39.9463794)",auto,0,0,,
8,7,40674435,10,11,1,324.05,,,,tertiary,5,"LINESTRING (116.3423845 39.9488105, 116.3421201 39.9487817, 116.3388723 39.9477243)",auto,0,0,,
9,8,40674435,11,12,1,282,,,,tertiary,5,"LINESTRING (116.3388723 39.9477243, 116.3359143 39.9467613, 116.3358351 39.9467294)",auto,0,0,,
10,9,40674435,12,13,1,12.21,,,,tertiary,5,"LINESTRING (116.3358351 39.9467294, 116.3357085 39.9466783)",auto,0,0,,
11,10,42366474,6,14,1,149.75,,,,secondary,4,"LINESTRING (116.3311680 39.9485801, 116.3317646 39.9481422, 116.3325000 39.9477058)",auto,0,0,,
12,11,42399576,3,15,1,11.84,3,,,secondary,4,"LINESTRING (116.3290079 39.9562747, 116.3290205 39.9561685)",auto,0,1,,
13,12,42399971,16,17,1,55.5,,,,residential,6,"LINESTRING (116.3292488 39.9543584, 116.3286000 39.9543302)",auto,0,0,,
14,13,42399986,18,19,1,17.64,,,,tertiary,5,"LINESTRING (116.3400051 39.9568514, 116.3399317 39.9570000)",auto,1,0,,
15,14,42399986,19,18,1,17.64,,,,tertiary,5,"LINESTRING (116.3399317 39.9570000, 116.3400051 39.9568514)",auto,1,0,,
16,15,42400122,20,21,1,24.24,,,,residential,6,"LINESTRING (116.3435923 39.9567816, 116.3435924 39.9568481, 116.3435916 39.9570000)",auto,1,0,,
17,16,42400122,21,20,1,24.24,,,,residential,6,"LINESTRING (116.3435916 39.9570000, 116.3435924 39.9568481, 116.3435923 39.9567816)",auto,1,0,,
18,17,42943340,22,23,1,81.86,,,,residential,6,"LINESTRING (116.3414772 39.9521002, 116.3424232 39.9522180)",auto,1,0,,
19,18,42943340,23,22,1,81.86,,,,residential,6,"LINESTRING (116.3424232 39.9522180, 116.3414772 39.9521002)",auto,1,0,,
20,19,42943340,23,24,1,263.79,,,,residential,6,"LINESTRING (116.3424232 39.9522180, 116.3427101 39.9521903, 116.3428216 39.9520982, 116.3429075 39.9519075, 116.3429373 39.9516733, 116.3429457 39.9515823, 116.3429770 39.9515003, 116.3430452 39.9513654, 116.3433194 39.9510192, 116.3440062 39.9504863, 116.3440320 39.9503744)",auto,1,0,,
21,20,42943340,24,23,1,263.79,,,,residential,6,"LINESTRING (116.3440320 39.9503744, 116.3440062 39.9504863, 116.3433194 39.9510192, 116.3430452 39.9513654, 116.3429770 39.9515003, 116.3429457 39.9515823, 116.3429373 39.9516733, 116.3429075 39.9519075, 116.3428216 39.9520982, 116.3427101 39.9521903, 116.3424232 39.9522180)",auto,1,0,,
22,21,46032948,25,26,1,11.8,3,,,secondary,4,"LINESTRING (116.3292033 39.9561785, 116.3291903 39.9562843)",auto,0,1,,
23,22,60110701,27,28,1,117.24,,,,residential,6,"LINESTRING (116.3321357 39.9502408, 116.3324510 39.9492127)",auto,1,0,,
24,23,60110701,28,27,1,117.24,,,,residential,6,"LINESTRING (116.3324510 39.9492127, 116.3321357 39.9502408)",auto,1,0,,
25,24,60110701,28,29,1,76.22,,,,residential,6,"LINESTRING (116.3324510 39.9492127, 116.3326405 39.9485416)",auto,1,0,,
26,25,60110701,29,28,1,76.22,,,,residential,6,"LINESTRING (116.3326405 39.9485416, 116.3324510 39.9492127)",auto,1,0,,
27,26,60110701,29,30,1,37.76,,,,residential,6,"LINESTRING (116.3326405 39.9485416, 116.3327234 39.9482074)",auto,1,0,,
28,27,60110701,30,29,1,37.76,,,,residential,6,"LINESTRING (116.3327234 39.9482074, 116.3326405 39.9485416)",auto,1,0,,
29,28,60110702,31,32,1,99.2,,,,residential,6,"LINESTRING (116.3366445 39.9522226, 116.3365994 39.9524210, 116.3365196 39.9526590, 116.3362398 39.9530502)",auto,1,0,,
30,29,60110702,32,31,1,99.2,,,,residential,6,"LINESTRING (116.3362398 39.9530502, 116.3365196 39.9526590, 116.3365994 39.9524210, 116.3366445 39.9522226)",auto,1,0,,
31,30,60110704,33,34,1,60.76,,,,residential,6,"LINESTRING (116.3381531 39.9503951, 116.3381585 39.9503722, 116.3382813 39.9498566)",auto,1,0,,
32,31,60110704,34,33,1,60.76,,,,residential,6,"LINESTRING (116.3382813 39.9498566, 116.3381585 39.9503722, 116.3381531 39.9503951)",auto,1,0,,
33,32,60110704,34,35,1,11.38,,,,residential,6,"LINESTRING (116.3382813 39.9498566, 116.3383076 39.9497561)",auto,1,0,,
34,33,60110704,35,34,1,11.38,,,,residential,6,"LINESTRING (116.3383076 39.9497561, 116.3382813 39.9498566)",auto,1,0,,
35,34,60110704,35,36,1,22.02,,,,residential,6,"LINESTRING (116.3383076 39.9497561, 116.3383717 39.9495639)",auto,1,0,,
36,35,60110704,36,35,1,22.02,,,,residential,6,"LINESTRING (116.3383717 39.9495639, 116.3383076 39.9497561)",auto,1,0,,
37,36,60110704,36,37,1,51.1,,,,residential,6,"LINESTRING (116.3383717 39.9495639, 116.3385029 39.9491147)",auto,1,0,,
38,37,60110704,37,36,1,51.1,,,,residential,6,"LINESTRING (116.3385029 39.9491147, 116.3383717 39.9495639)",auto,1,0,,
39,38,60110704,37,38,1,74.76,,,,residential,6,"LINESTRING (116.3385029 39.9491147, 116.3393588 39.9492555)",auto,1,0,,
40,39,60110704,38,37,1,74.76,,,,residential,6,"LINESTRING (116.3393588 39.9492555, 116.3385029 39.9491147)",auto,1,0,,
41,40,60110704,38,39,1,93.79,,,,residential,6,"LINESTRING (116.3393588 39.9492555, 116.3404325 39.9494320)",auto,1,0,,
42,41,60110704,39,38,1,93.79,,,,residential,6,"LINESTRING (116.3404325 39.9494320, 116.3393588 39.9492555)",auto,1,0,,
43,42,60110705,40,41,1,144.26,,,,residential,6,"LINESTRING (116.3398317 39.9541517, 116.3401428 39.9528742)",auto,1,0,,
44,43,60110705,41,40,1,144.26,,,,residential,6,"LINESTRING (116.3401428 39.9528742, 116.3398317 39.9541517)",auto,1,0,,
45,44,60110705,41,42,1,133.03,,,,residential,6,"LINESTRING (116.3401428 39.9528742, 116.3404496 39.9516991)",auto,1,0,,
46,45,60110705,42,41,1,133.03,,,,residential,6,"LINESTRING (116.3404496 39.9516991, 116.3401428 39.9528742)",auto,1,0,,
47,46,60110705,42,43,1,75.37,,,,residential,6,"LINESTRING (116.3404496 39.9516991, 116.3406424 39.9510364)",auto,1,0,,
48,47,60110705,43,42,1,75.37,,,,residential,6,"LINESTRING (116.3406424 39.9510364, 116.3404496 39.9516991)",auto,1,0,,
49,48,60110710,44,43,1,94.83,,,,residential,6,"LINESTRING (116.3417354 39.9511862, 116.3406424 39.9510364)",auto,1,0,,
50,49,60110710,43,44,1,94.83,,,,residential,6,"LINESTRING (116.3406424 39.9510364, 116.3417354 39.9511862)",auto,1,0,,
51,50,60110710,43,45,1,63.54,,,,residential,6,"LINESTRING (116.3406424 39.9510364, 116.3404850 39.9509359, 116.3403654 39.9508197, 116.3402372 39.9507616, 116.3400448 39.9507258)",auto,1,0,,
52,51,60110710,45,43,1,63.54,,,,residential,6,"LINESTRING (116.3400448 39.9507258, 116.3402372 39.9507616, 116.3403654 39.9508197, 116.3404850 39.9509359, 116.3406424 39.9510364)",auto,1,0,,
53,52,60110710,45,33,1,165.71,,,,residential,6,"LINESTRING (116.3400448 39.9507258, 116.3381531 39.9503951)",auto,1,0,,
54,53,60110710,33,45,1,165.71,,,,residential,6,"LINESTRING (116.3381531 39.9503951, 116.3400448 39.9507258)",auto,1,0,,
55,54,60110715,46,41,1,91.43,,,,residential,6,"LINESTRING (116.3411869 39.9530556, 116.3401428 39.9528742)",auto,1,0,,
56,55,60110715,41,46,1,91.43,,,,residential,6,"LINESTRING (116.3401428 39.9528742, 116.3411869 39.9530556)",auto,1,0,,
57,56,60110715,41,47,1,73.3,,,,residential,6,"LINESTRING (116.3401428 39.9528742, 116.3393075 39.9527228)",auto,1,0,,
58,57,60110715,47,41,1,73.3,,,,residential,6,"LINESTRING (116.3393075 39.9527228, 116.3401428 39.9528742)",auto,1,0,,
59,58,60110715,47,48,1,24.72,,,,residential,6,"LINESTRING (116.3393075 39.9527228, 116.3390256 39.9526725)",auto,1,0,,
60,59,60110715,48,47,1,24.72,,,,residential,6,"LINESTRING (116.3390256 39.9526725, 116.3393075 39.9527228)",auto,1,0,,
61,60,60110718,5,49,1,228.71,,,,residential,6,"LINESTRING (116.3309330 39.9488200, 116.3291042 39.9487026, 116.3286497 39.9491891, 116.3286000 39.9492197)",auto,1,0,,
62,61,60110718,49,5,1,228.71,,,,residential,6,"LINESTRING (116.3286000 39.9492197, 116.3286497 39.9491891, 116.3291042 39.9487026, 116.3309330 39.9488200)",auto,1,0,,
63,62,60110732,50,42,1,96.29,,,,residential,6,"LINESTRING (116.3415375 39.9519260, 116.3413164 39.9518783, 116.3410717 39.9518332, 116.3404496 39.9516991)",auto,1,0,,
64,63,60110732,42,50,1,96.29,,,,residential,6,"LINESTRING (116.3404496 39.9516991, 116.3410717 39.9518332, 116.3413164 39.9518783, 116.3415375 39.9519260)",auto,1,0,,
65,64,60110732,42,51,1,73.75,,,,residential,6,"LINESTRING (116.3404496 39.9516991, 116.3401538 39.9516542, 116.3397133 39.9515792, 116.3396049 39.9515616)",auto,1,0,,
66,65,60110732,51,42,1,73.75,,,,residential,6,"LINESTRING (116.3396049 39.9515616, 116.3397133 39.9515792, 116.3401538 39.9516542, 116.3404496 39.9516991)",auto,1,0,,
67,66,60110732,51,52,1,64.73,,,,residential,6,"LINESTRING (116.3396049 39.9515616, 116.3388635 39.9514411)",auto,1,0,,
68,67,60110732,52,51,1,64.73,,,,residential,6,"LINESTRING (116.3388635 39.9514411, 116.3396049 39.9515616)",auto,1,0,,
69,68,60110732,52,53,1,84.85,,,,residential,6,"LINESTRING (116.3388635 39.9514411, 116.3378916 39.9512831)",auto,1,0,,
70,69,60110732,53,52,1,84.85,,,,residential,6,"LINESTRING (116.3378916 39.9512831, 116.3388635 39.9514411)",auto,1,0,,
71,70,60110738,54,55,1,10.43,,,,residential,6,"LINESTRING (116.3286000 39.9452159, 116.3287210 39.9452031)",auto,1,0,,
72,71,60110738,55,54,1,10.43,,,,residential,6,"LINESTRING (116.3287210 39.9452031, 116.3286000 39.9452159)",auto,1,0,,
73,72,60110738,55,56,1,288.15,,,,residential,6,"LINESTRING (116.3287210 39.9452031, 116.3297736 39.9452607, 116.3311083 39.9453603, 116.3310120 39.9461085)",auto,1,0,,
74,73,60110738,56,55,1,288.15,,,,residential,6,"LINESTRING (116.3310120 39.9461085, 116.3311083 39.9453603, 116.3297736 39.9452607, 116.3287210 39.9452031)",auto,1,0,,
75,74,60110776,45,57,1,44.17,,,,residential,6,"LINESTRING (116.3400448 39.9507258, 116.3401410 39.9503348)",auto,1,0,,
76,75,60110776,57,45,1,44.17,,,,residential,6,"LINESTRING (116.3401410 39.9503348, 116.3400448 39.9507258)",auto,1,0,,
77,76,60110776,57,39,1,103.25,,,,residential,6,"LINESTRING (116.3401410 39.9503348, 116.3404325 39.9494320)",auto,1,0,,
78,77,60110776,39,57,1,103.25,,,,residential,6,"LINESTRING (116.3404325 39.9494320, 116.3401410 39.9503348)",auto,1,0,,
79,78,60110782,58,59,1,73.83,,,,residential,6,"LINESTRING (116.3367619 39.9511414, 116.3359184 39.9509964)",auto,1,0,,
80,79,60110782,59,58,1,73.83,,,,residential,6,"LINESTRING (116.3359184 39.9509964, 116.3367619 39.9511414)",auto,1,0,,
81,80,60110782,59,60,1,82.6,,,,residential,6,"LINESTRING (116.3359184 39.9509964, 116.3358501 39.9509806, 116.3349746 39.9508351)",auto,1,0,,
82,81,60110782,60,59,1,82.6,,,,residential,6,"LINESTRING (116.3349746 39.9508351, 116.3358501 39.9509806, 116.3359184 39.9509964)",auto,1,0,,
83,82,60110782,60,61,1,84.51,,,,residential,6,"LINESTRING (116.3349746 39.9508351, 116.3340166 39.9506450)",auto,1,0,,
84,83,60110782,61,60,1,84.51,,,,residential,6,"LINESTRING (116.3340166 39.9506450, 116.3349746 39.9508351)",auto,1,0,,
85,84,60110794,48,62,1,19.73,,,,residential,6,"LINESTRING (116.3390256 39.9526725, 116.3388005 39.9526327)",auto,1,0,,
86,85,60110794,62,48,1,19.73,,,,residential,6,"LINESTRING (116.3388005 39.9526327, 116.3390256 39.9526725)",auto,1,0,,
87,86,60110794,62,63,1,62.61,,,,residential,6,"LINESTRING (116.3388005 39.9526327, 116.3380861 39.9525064)",auto,1,0,,
88,87,60110794,63,62,1,62.61,,,,residential,6,"LINESTRING (116.3380861 39.9525064, 116.3388005 39.9526327)",auto,1,0,,
89,88,60110794,63,64,1,45.89,,,,residential,6,"LINESTRING (116.3380861 39.9525064, 116.3375625 39.9524138)",auto,1,0,,
90,89,60110794,64,63,1,45.89,,,,residential,6,"LINESTRING (116.3375625 39.9524138, 116.3380861 39.9525064)",auto,1,0,,
91,90,60110794,64,31,1,81.24,,,,residential,6,"LINESTRING (116.3375625 39.9524138, 116.3366445 39.9522226)",auto,1,0,,
92,91,60110794,31,64,1,81.24,,,,residential,6,"LINESTRING (116.3366445 39.9522226, 116.3375625 39.9524138)",auto,1,0,,
93,92,60110794,31,65,1,256.81,,,,residential,6,"LINESTRING (116.3366445 39.9522226, 116.3337122 39.9517118)",auto,1,0,,
94,93,60110794,65,31,1,256.81,,,,residential,6,"LINESTRING (116.3337122 39.9517118, 116.3366445 39.9522226)",auto,1,0,,
95,94,60110798,66,67,1,85.61,,,,residential,6,"LINESTRING (116.3333116 39.9496509, 116.3342816 39.9498448)",auto,1,0,,
96,95,60110798,67,66,1,85.61,,,,residential,6,"LINESTRING (116.3342816 39.9498448, 116.3333116 39.9496509)",auto,1,0,,
97,96,60110801,68,66,1,87.15,,,,residential,6,"LINESTRING (116.3331092 39.9504205, 116.3333116 39.9496509)",auto,1,0,,
98,97,60110801,66,68,1,87.15,,,,residential,6,"LINESTRING (116.3333116 39.9496509, 116.3331092 39.9504205)",auto,1,0,,
99,98,60110801,66,69,1,30.4,,,,residential,6,"LINESTRING (116.3333116 39.9496509, 116.3333929 39.9493842)",auto,1,0,,
100,99,60110801,69,66,1,30.4,,,,residential,6,"LINESTRING (116.3333929 39.9493842, 116.3333116 39.9496509)",auto,1,0,,
101,100,60110801,69,70,1,30.33,,,,residential,6,"LINESTRING (116.3333929 39.9493842, 116.3334740 39.9491182)",auto,1,0,,
102,101,60110801,70,69,1,30.33,,,,residential,6,"LINESTRING (116.3334740 39.9491182, 116.3333929 39.9493842)",auto,1,0,,
103,102,60110801,70,71,1,37.74,,,,residential,6,"LINESTRING (116.3334740 39.9491182, 116.3334889 39.9490695, 116.3335750 39.9487872)",auto,1,0,,
104,103,60110801,71,70,1,37.74,,,,residential,6,"LINESTRING (116.3335750 39.9487872, 116.3334889 39.9490695, 116.3334740 39.9491182)",auto,1,0,,
105,104,60110801,71,72,1,9.49,,,,residential,6,"LINESTRING (116.3335750 39.9487872, 116.3335963 39.9487033)",auto,1,0,,
106,105,60110801,72,71,1,9.49,,,,residential,6,"LINESTRING (116.3335963 39.9487033, 116.3335750 39.9487872)",auto,1,0,,
107,106,60110801,72,73,1,38.83,,,,residential,6,"LINESTRING (116.3335963 39.9487033, 116.3336987 39.9483624)",auto,1,0,,
108,107,60110801,73,72,1,38.83,,,,residential,6,"LINESTRING (116.3336987 39.9483624, 116.3335963 39.9487033)",auto,1,0,,
109,108,60110801,73,74,1,65.12,,,,residential,6,"LINESTRING (116.3336987 39.9483624, 116.3338723 39.9477911)",auto,1,0,,
110,109,60110801,74,73,1,65.12,,,,residential,6,"LINESTRING (116.3338723 39.9477911, 116.3336987 39.9483624)",auto,1,0,,
111,110,60110816,64,53,1,128.61,,,,residential,6,"LINESTRING (116.3375625 39.9524138, 116.3378916 39.9512831)",auto,1,0,,
112,111,60110816,53,64,1,128.61,,,,residential,6,"LINESTRING (116.3378916 39.9512831, 116.3375625 39.9524138)",auto,1,0,,
113,112,60110826,58,75,1,102.84,,,,residential,6,"LINESTRING (116.3367619 39.9511414, 116.3370200 39.9502364)",auto,1,0,,
114,113,60110826,75,58,1,102.84,,,,residential,6,"LINESTRING (116.3370200 39.9502364, 116.3367619 39.9511414)",auto,1,0,,
115,114,60110831,33,75,1,98.38,,,,residential,6,"LINESTRING (116.3381531 39.9503951, 116.3378199 39.9503512, 116.3370525 39.9502417, 116.3370200 39.9502364)",auto,1,0,,
116,115,60110831,75,33,1,98.38,,,,residential,6,"LINESTRING (116.3370200 39.9502364, 116.3370525 39.9502417, 116.3378199 39.9503512, 116.3381531 39.9503951)",auto,1,0,,
117,116,60110831,75,76,1,37.54,,,,residential,6,"LINESTRING (116.3370200 39.9502364, 116.3366134 39.9501662, 116.3365912 39.9501622)",auto,1,0,,
118,117,60110831,76,75,1,37.54,,,,residential,6,"LINESTRING (116.3365912 39.9501622, 116.3366134 39.9501662, 116.3370200 39.9502364)",auto,1,0,,
119,118,60110831,76,77,1,36.73,,,,residential,6,"LINESTRING (116.3365912 39.9501622, 116.3361724 39.9500872)",auto,1,0,,
120,119,60110831,77,76,1,36.73,,,,residential,6,"LINESTRING (116.3361724 39.9500872, 116.3365912 39.9501622)",auto,1,0,,
121,120,60110831,77,78,1,79.84,,,,residential,6,"LINESTRING (116.3361724 39.9500872, 116.3360978 39.9500738, 116.3352621 39.9499242)",auto,1,0,,
122,121,60110831,78,77,1,79.84,,,,residential,6,"LINESTRING (116.3352621 39.9499242, 116.3360978 39.9500738, 116.3361724 39.9500872)",auto,1,0,,
123,122,60110831,78,67,1,93.98,,,,residential,6,"LINESTRING (116.3352621 39.9499242, 116.3351434 39.9499030, 116.3347143 39.9498262, 116.3343089 39.9497536, 116.3342816 39.9498448)",auto,1,0,,
124,123,60110831,67,78,1,93.98,,,,residential,6,"LINESTRING (116.3342816 39.9498448, 116.3343089 39.9497536, 116.3347143 39.9498262, 116.3351434 39.9499030, 116.3352621 39.9499242)",auto,1,0,,
125,124,60946722,79,80,1,589.8,,,,residential,6,"LINESTRING (116.3444000 39.9518759, 116.3426427 39.9550801, 116.3423737 39.9552413, 116.3418144 39.9561712, 116.3417335 39.9563086, 116.3417122 39.9563532, 116.3415276 39.9566738)",auto,1,0,,
126,125,60946722,80,79,1,589.8,,,,residential,6,"LINESTRING (116.3415276 39.9566738, 116.3417122 39.9563532, 116.3417335 39.9563086, 116.3418144 39.9561712, 116.3423737 39.9552413, 116.3426427 39.9550801, 116.3444000 39.9518759)",auto,1,0,,
127,126,60946722,80,81,1,8.85,,,,residential,6,"LINESTRING (116.3415276 39.9566738, 116.3414816 39.9567452)",auto,1,0,,
128,127,60946722,81,80,1,8.85,,,,residential,6,"LINESTRING (116.3414816 39.9567452, 116.3415276 39.9566738)",auto,1,0,,
129,128,109497807,82,83,1,26.51,,,,secondary,4,"LINESTRING (116.3444000 39.9428263, 116.3441117 39.9429147)",auto,0,0,,
130,129,109497807,83,84,1,11.17,,,,secondary,4,"LINESTRING (116.3441117 39.9429147, 116.3439902 39.9429520)",auto,0,0,,
131,130,109497807,84,1,1,12.98,,,,secondary,4,"LINESTRING (116.3439902 39.9429520, 116.3438490 39.9429953)",auto,0,0,,
132,131,109497809,85,86,1,148.95,3,,,secondary,4,"LINESTRING (116.3373312 39.9451696, 116.3367991 39.9454381, 116.3363367 39.9457210, 116.3361205 39.9458569, 116.3359951 39.9460122)",auto,0,0,,
133,132,109497817,87,88,1,774.45,,,,secondary,4,"LINESTRING (116.3366075 39.9422000, 116.3366379 39.9425504, 116.3366292 39.9443382, 116.3365983 39.9446151, 116.3365088 39.9449108, 116.3363390 39.9452350, 116.3361477 39.9455355, 116.3359316 39.9457887, 116.3356785 39.9459922, 116.3354316 39.9461697, 116.3351847 39.9463093, 116.3333414 39.9473281, 116.3325623 39.9477716)",auto,0,0,,
134,133,139339318,89,15,1,36.01,,,,secondary,4,"LINESTRING (116.3286000 39.9561456, 116.3290205 39.9561685)",auto,0,0,,
135,134,163057025,90,80,1,129.31,,,,tertiary,5,"LINESTRING (116.3400281 39.9567729, 116.3404083 39.9566923, 116.3415276 39.9566738)",auto,0,0,,
136,135,163057025,80,91,1,108.48,,,,tertiary,5,"LINESTRING (116.3415276 39.9566738, 116.3419005 39.9566547, 116.3421948 39.9566479, 116.3427967 39.9566418)",auto,0,0,,
137,136,163057025,91,92,1,20.05,,,,tertiary,5,"LINESTRING (116.3427967 39.9566418, 116.3430114 39.9567148)",auto,0,0,,
138,137,167649019,93,4,1,104.67,,,,tertiary,5,"LINESTRING (116.3286000 39.9508573, 116.3286291 39.9508590, 116.3298219 39.9509281)",auto,1,0,,
139,138,167649019,4,93,1,104.67,,,,tertiary,5,"LINESTRING (116.3298219 39.9509281, 116.3286291 39.9508590, 116.3286000 39.9508573)",auto,1,0,,
140,139,167649027,88,94,1,147.82,,,,secondary,4,"LINESTRING (116.3325623 39.9477716, 116.3318713 39.9481874, 116.3315698 39.9484456, 116.3313734 39.9487158)",auto,0,0,,
141,140,167649040,14,95,1,766.54,,,,secondary,4,"LINESTRING (116.3325000 39.9477058, 116.3351504 39.9462347, 116.3353926 39.9460924, 116.3356305 39.9459285, 116.3358728 39.9457310, 116.3360867 39.9455068, 116.3362744 39.9452023, 116.3364009 39.9448827, 116.3364757 39.9446028, 116.3365028 39.9443177, 116.3365115 39.9425474, 116.3364800 39.9422000)",auto,0,0,,
142,141,167651427,90,18,1,8.93,,,,tertiary,5,"LINESTRING (116.3400281 39.9567729, 116.3400051 39.9568514)",auto,1,1,,
143,142,167651427,18,90,1,8.93,,,,tertiary,5,"LINESTRING (116.3400051 39.9568514, 116.3400281 39.9567729)",auto,1,1,,
144,143,167651447,15,16,1,201.85,3,,,secondary,4,"LINESTRING (116.3290205 39.9561685, 116.3292488 39.9543584)",auto,0,0,,
145,144,167651447,16,4,1,383.92,3,,,secondary,4,"LINESTRING (116.3292488 39.9543584, 116.3295441 39.9524846, 116.3297033 39.9514670, 116.3298219 39.9509281)",auto,0,0,,
146,145,167651449,96,25,1,584.3,3,,,secondary,4,"LINESTRING (116.3300227 39.9509524, 116.3299141 39.9514739, 116.3296935 39.9530330, 116.3296836 39.9530984, 116.3295451 39.9539859, 116.3292033 39.9561785)",auto,0,0,,
147,146,167651454,26,97,1,79.72,,,,secondary,4,"LINESTRING (116.3291903 39.9562843, 116.3291116 39.9570000)",auto,0,0,,
148,147,170478070,98,99,1,23.92,,,,residential,6,"LINESTRING (116.3419940 39.9570000, 116.3420927 39.9568675, 116.3421332 39.9568130)",auto,1,0,,
149,148,170478070,99,98,1,23.92,,,,residential,6,"LINESTRING (116.3421332 39.9568130, 116.3420927 39.9568675, 116.3419940 39.9570000)",auto,1,0,,
150,149,170481019,91,100,1,136.98,,,,tertiary,5,"LINESTRING (116.3427967 39.9566418, 116.3434873 39.9566286, 116.3444000 39.9566111)",auto,0,0,,
151,150,170482156,101,20,1,69.03,,,,secondary,4,"LINESTRING (116.3444000 39.9567598, 116.3435923 39.9567816)",auto,0,0,,
152,151,170482156,20,99,1,124.68,,,,secondary,4,"LINESTRING (116.3435923 39.9567816, 116.3434893 39.9567820, 116.3428931 39.9567914, 116.3421982 39.9568115, 116.3421332 39.9568130)",auto,0,0,,
153,152,170482156,99,18,1,181.82,,,,secondary,4,"LINESTRING (116.3421332 39.9568130, 116.3418143 39.9568157, 116.3400051 39.9568514)",auto,0,0,,
154,153,187541348,102,55,1,243.27,,,,residential,6,"LINESTRING (116.3291822 39.9430457, 116.3290634 39.9433376, 116.3289595 39.9436690, 116.3287210 39.9452031)",auto,1,0,,
155,154,187541348,55,102,1,243.27,,,,residential,6,"LINESTRING (116.3287210 39.9452031, 116.3289595 39.9436690, 116.3290634 39.9433376, 116.3291822 39.9430457)",auto,1,0,,
156,155,187541348,55,103,1,78.84,,,,residential,6,"LINESTRING (116.3287210 39.9452031, 116.3286150 39.9459087)",auto,1,0,,
157,156,187541348,103,55,1,78.84,,,,residential,6,"LINESTRING (116.3286150 39.9459087, 116.3287210 39.9452031)",auto,1,0,,
158,157,187541349,104,94,1,394.01,3,,,secondary,4,"LINESTRING (116.3349738 39.9465118, 116.3339050 39.9471365, 116.3330186 39.9476372, 116.3322955 39.9480485, 116.3319334 39.9482485, 116.3313734 39.9487158)",auto,0,0,,
159,158,197993816,59,77,1,103.22,,,,residential,6,"LINESTRING (116.3359184 39.9509964, 116.3361724 39.9500872)",auto,1,0,,
160,159,197993816,77,59,1,103.22,,,,residential,6,"LINESTRING (116.3361724 39.9500872, 116.3359184 39.9509964)",auto,1,0,,
161,160,197993953,78,105,1,67.24,,,,residential,6,"LINESTRING (116.3352621 39.9499242, 116.3350753 39.9505127)",auto,1,0,,
162,161,197993953,105,78,1,67.24,,,,residential,6,"LINESTRING (116.3350753 39.9505127, 116.3352621 39.9499242)",auto,1,0,,
163,162,197993953,105,60,1,36.8,,,,residential,6,"LINESTRING (116.3350753 39.9505127, 116.3349746 39.9508351)",auto,1,0,,
164,163,197993953,60,105,1,36.8,,,,residential,6,"LINESTRING (116.3349746 39.9508351, 116.3350753 39.9505127)",auto,1,0,,
165,164,197993953,60,106,1,48.16,,,,residential,6,"LINESTRING (116.3349746 39.9508351, 116.3348423 39.9512569)",auto,1,0,,
166,165,197993953,106,60,1,48.16,,,,residential,6,"LINESTRING (116.3348423 39.9512569, 116.3349746 39.9508351)",auto,1,0,,
167,166,197993954,107,59,1,115.39,,,,residential,6,"LINESTRING (116.3367426 39.9514146, 116.3365808 39.9514640, 116.3359139 39.9513437, 116.3358462 39.9513051, 116.3359184 39.9509964)",auto,1,0,,
168,167,197993954,59,107,1,115.39,,,,residential,6,"LINESTRING (116.3359184 39.9509964, 116.3358462 39.9513051, 116.3359139 39.9513437, 116.3365808 39.9514640, 116.3367426 39.9514146)",auto,1,0,,
169,168,200877422,10,108,1,183.69,,,,residential,6,"LINESTRING (116.3423845 39.9488105, 116.3444000 39.9493872)",auto,1,0,,
170,169,200877422,108,10,1,183.69,,,,residential,6,"LINESTRING (116.3444000 39.9493872, 116.3423845 39.9488105)",auto,1,0,,
171,170,200877423,13,109,1,55.36,,,,tertiary,5,"LINESTRING (116.3357085 39.9466783, 116.3355027 39.9466095, 116.3350907 39.9465334)",auto,0,0,,
172,171,200877423,109,104,1,10.27,,,,tertiary,5,"LINESTRING (116.3350907 39.9465334, 116.3349738 39.9465118)",auto,0,0,,
173,172,200877424,9,110,1,44.91,,,,tertiary,5,"LINESTRING (116.3345943 39.9463794, 116.3351153 39.9464332)",auto,0,0,,
174,173,200877424,110,111,1,41.39,,,,tertiary,5,"LINESTRING (116.3351153 39.9464332, 116.3355855 39.9465230)",auto,0,0,,
175,174,200877424,111,112,1,13.8,,,,tertiary,5,"LINESTRING (116.3355855 39.9465230, 116.3357318 39.9465758)",auto,0,0,,
176,175,200877424,112,113,1,296.62,,,,tertiary,5,"LINESTRING (116.3357318 39.9465758, 116.3359470 39.9466975, 116.3389004 39.9476559)",auto,0,0,,
177,176,200877424,113,10,1,324.31,,,,tertiary,5,"LINESTRING (116.3389004 39.9476559, 116.3421536 39.9487009, 116.3423845 39.9488105)",auto,0,0,,
178,177,200877430,114,115,1,20.92,,,,tertiary,5,"LINESTRING (116.3444000 39.9429705, 116.3441709 39.9430371)",auto,0,0,,
179,178,200877430,115,116,1,10.52,,,,tertiary,5,"LINESTRING (116.3441709 39.9430371, 116.3440557 39.9430706)",auto,0,0,,
180,179,200877431,9,117,1,73.17,3,,,secondary,4,"LINESTRING (116.3345943 39.9463794, 116.3353070 39.9460138)",auto,0,0,,
181,180,200877432,118,119,1,94.88,,,,secondary,4,"LINESTRING (116.3372755 39.9450940, 116.3376799 39.9449249, 116.3382553 39.9446914)",auto,0,0,,
182,181,200877433,119,120,1,285.61,,,,secondary,4,"LINESTRING (116.3382553 39.9446914, 116.3413282 39.9436776)",auto,0,0,,
183,182,200877433,120,121,1,168.84,,,,secondary,4,"LINESTRING (116.3413282 39.9436776, 116.3428961 39.9431841, 116.3431271 39.9430590)",auto,0,0,,
184,183,200877435,122,118,1,156.26,3,,,secondary,4,"LINESTRING (116.3356954 39.9458014, 116.3362517 39.9455393, 116.3366604 39.9453820, 116.3369982 39.9452212, 116.3372755 39.9450940)",auto,0,0,,
185,184,200877436,123,124,1,12.74,,,,secondary,4,"LINESTRING (116.3437821 39.9428685, 116.3439172 39.9428198)",auto,0,0,,
186,185,200877436,124,125,1,47.16,,,,secondary,4,"LINESTRING (116.3439172 39.9428198, 116.3441443 39.9427230, 116.3443783 39.9426230, 116.3444000 39.9426137)",auto,0,0,,
187,186,200877437,126,127,1,269.04,,,,tertiary,5,"LINESTRING (116.3383860 39.9445493, 116.3405023 39.9438584, 116.3412853 39.9436028)",auto,0,0,,
188,187,200877437,127,128,1,148.97,,,,tertiary,5,"LINESTRING (116.3412853 39.9436028, 116.3429087 39.9431129)",auto,0,0,,
189,188,217105657,4,96,1,17.36,,,,tertiary,5,"LINESTRING (116.3298219 39.9509281, 116.3300227 39.9509524)",auto,1,1,,
190,189,217105657,96,4,1,17.36,,,,tertiary,5,"LINESTRING (116.3300227 39.9509524, 116.3298219 39.9509281)",auto,1,1,,
191,190,219439941,1,123,1,15.19,,,,tertiary,5,"LINESTRING (116.3438490 39.9429953, 116.3437821 39.9428685)",auto,0,0,,
192,191,219439942,124,84,1,15.94,,,,tertiary,5,"LINESTRING (116.3439172 39.9428198, 116.3439902 39.9429520)",auto,0,0,,
193,192,219439942,84,116,1,14.3,,,,tertiary,5,"LINESTRING (116.3439902 39.9429520, 116.3440557 39.9430706)",auto,0,0,,
194,193,219439943,129,130,1,70.21,,,,tertiary,5,"LINESTRING (116.3437271 39.9440072, 116.3437277 39.9437919, 116.3438378 39.9433833)",auto,0,0,,
195,194,219439943,130,0,1,30.74,,,,tertiary,5,"LINESTRING (116.3438378 39.9433833, 116.3439109 39.9431121)",auto,0,0,,
196,195,219439944,116,129,1,108.26,,,,tertiary,5,"LINESTRING (116.3440557 39.9430706, 116.3438522 39.9438120, 116.3437271 39.9440072)",auto,0,0,,
197,196,219439945,129,10,1,545.31,,,,tertiary,5,"LINESTRING (116.3437271 39.9440072, 116.3436910 39.9441365, 116.3435597 39.9446062, 116.3426182 39.9479745, 116.3424530 39.9485654, 116.3423845 39.9488105)",auto,1,0,,
198,197,219439945,10,129,1,545.31,,,,tertiary,5,"LINESTRING (116.3423845 39.9488105, 116.3424530 39.9485654, 116.3426182 39.9479745, 116.3435597 39.9446062, 116.3436910 39.9441365, 116.3437271 39.9440072)",auto,1,0,,
199,198,219439945,10,44,1,269.44,,,,tertiary,5,"LINESTRING (116.3423845 39.9488105, 116.3417354 39.9511862)",auto,1,0,,
200,199,219439945,44,10,1,269.44,,,,tertiary,5,"LINESTRING (116.3417354 39.9511862, 116.3423845 39.9488105)",auto,1,0,,
201,200,219439945,44,50,1,83.83,,,,tertiary,5,"LINESTRING (116.3417354 39.9511862, 116.3415375 39.9519260)",auto,1,0,,
202,201,219439945,50,44,1,83.83,,,,tertiary,5,"LINESTRING (116.3415375 39.9519260, 116.3417354 39.9511862)",auto,1,0,,
203,202,219439945,50,22,1,20.01,,,,tertiary,5,"LINESTRING (116.3415375 39.9519260, 116.3414772 39.9521002)",auto,1,0,,
204,203,219439945,22,50,1,20.01,,,,tertiary,5,"LINESTRING (116.3414772 39.9521002, 116.3415375 39.9519260)",auto,1,0,,
205,204,219439945,22,131,1,102.21,,,,tertiary,5,"LINESTRING (116.3414772 39.9521002, 116.3413339 39.9525256, 116.3412971 39.9526581, 116.3412052 39.9529967)",auto,1,0,,
206,205,219439945,131,22,1,102.21,,,,tertiary,5,"LINESTRING (116.3412052 39.9529967, 116.3412971 39.9526581, 116.3413339 39.9525256, 116.3414772 39.9521002)",auto,1,0,,
207,206,219439945,131,46,1,6.72,,,,tertiary,5,"LINESTRING (116.3412052 39.9529967, 116.3411869 39.9530556)",auto,1,0,,
208,207,219439945,46,131,1,6.72,,,,tertiary,5,"LINESTRING (116.3411869 39.9530556, 116.3412052 39.9529967)",auto,1,0,,
209,208,219439945,46,90,1,424.34,,,,tertiary,5,"LINESTRING (116.3411869 39.9530556, 116.3406455 39.9548451, 116.3405020 39.9553453, 116.3403184 39.9559459, 116.3400281 39.9567729)",auto,1,0,,
210,209,219439945,90,46,1,424.34,,,,tertiary,5,"LINESTRING (116.3400281 39.9567729, 116.3403184 39.9559459, 116.3405020 39.9553453, 116.3406455 39.9548451, 116.3411869 39.9530556)",auto,1,0,,
211,210,219439948,0,132,1,227.2,,,,tertiary,5,"LINESTRING (116.3439109 39.9431121, 116.3421832 39.9436748, 116.3414659 39.9439174)",auto,0,0,,
212,211,219439948,132,133,1,13.91,,,,tertiary,5,"LINESTRING (116.3414659 39.9439174, 116.3413171 39.9439682)",auto,0,0,,
213,212,219439948,133,134,1,165.31,,,,tertiary,5,"LINESTRING (116.3413171 39.9439682, 116.3395456 39.9445674)",auto,0,0,,
214,213,219439948,134,135,1,198.85,,,,tertiary,5,"LINESTRING (116.3395456 39.9445674, 116.3378365 39.9451051, 116.3374077 39.9452733)",auto,0,0,,
215,214,219439948,135,86,1,146.2,,,,tertiary,5,"LINESTRING (116.3374077 39.9452733, 116.3371615 39.9453901, 116.3368769 39.9455249, 116.3363782 39.9458008, 116.3362664 39.9458823, 116.3361965 39.9459217, 116.3359951 39.9460122)",auto,0,0,,
216,215,219439949,1,136,1,227.89,,,,secondary,4,"LINESTRING (116.3438490 39.9429953, 116.3431092 39.9432388, 116.3421094 39.9435075, 116.3413691 39.9437489)",auto,0,0,,
217,216,219439949,136,85,1,379.74,,,,secondary,4,"LINESTRING (116.3413691 39.9437489, 116.3383562 39.9447312, 116.3377207 39.9449890, 116.3373312 39.9451696)",auto,0,0,,
218,217,219487085,3,137,1,34.93,,,,secondary,4,"LINESTRING (116.3290079 39.9562747, 116.3286000 39.9562522)",auto,0,0,,
219,218,219487089,138,139,1,62.68,,,,residential,6,"LINESTRING (116.3335926 39.9570000, 116.3340133 39.9565372)",auto,1,0,,
220,219,219487089,139,138,1,62.68,,,,residential,6,"LINESTRING (116.3340133 39.9565372, 116.3335926 39.9570000)",auto,1,0,,
221,220,219487089,139,140,1,10.47,,,,residential,6,"LINESTRING (116.3340133 39.9565372, 116.3340253 39.9564433)",auto,1,0,,
222,221,219487089,140,139,1,10.47,,,,residential,6,"LINESTRING (116.3340253 39.9564433, 116.3340133 39.9565372)",auto,1,0,,
223,222,227668235,94,141,1,154.63,3,,,secondary,4,"LINESTRING (116.3313734 39.9487158, 116.3311178 39.9489976, 116.3308191 39.9493369, 116.3306320 39.9495865, 116.3305222 39.9497889, 116.3304587 39.9499117)",auto,0,0,,
224,223,227668235,141,96,1,121.58,3,,,secondary,4,"LINESTRING (116.3304587 39.9499117, 116.3304069 39.9500119, 116.3303419 39.9501327, 116.3302545 39.9502953, 116.3302421 39.9503305, 116.3301158 39.9506884, 116.3300227 39.9509524)",auto,0,0,,
225,224,235466188,90,81,1,124.19,,,,secondary,4,"LINESTRING (116.3400281 39.9567729, 116.3414816 39.9567452)",auto,0,0,,
226,225,235466188,81,92,1,130.71,,,,secondary,4,"LINESTRING (116.3414816 39.9567452, 116.3418538 39.9567418, 116.3421973 39.9567328, 116.3430114 39.9567148)",auto,0,0,,
227,226,235466188,92,142,1,118.65,,,,secondary,4,"LINESTRING (116.3430114 39.9567148, 116.3434883 39.9567042, 116.3438691 39.9566958, 116.3444000 39.9566841)",auto,0,0,,
228,227,266297145,134,113,1,347.47,,,,residential,6,"LINESTRING (116.3395456 39.9445674, 116.3394132 39.9455442, 116.3392304 39.9463405, 116.3391203 39.9468027, 116.3389811 39.9473869, 116.3389004 39.9476559)",auto,1,0,,
229,228,266297145,113,134,1,347.47,,,,residential,6,"LINESTRING (116.3389004 39.9476559, 116.3389811 39.9473869, 116.3391203 39.9468027, 116.3392304 39.9463405, 116.3394132 39.9455442, 116.3395456 39.9445674)",auto,1,0,,
230,229,266297145,113,11,1,7.96,,,,residential,6,"LINESTRING (116.3389004 39.9476559, 116.3388723 39.9477243)",auto,1,0,,
231,230,266297145,11,113,1,7.96,,,,residential,6,"LINESTRING (116.3388723 39.9477243, 116.3389004 39.9476559)",auto,1,0,,
232,231,266509118,61,65,1,121.24,,,,residential,6,"LINESTRING (116.3340166 39.9506450, 116.3339114 39.9510562, 116.3337122 39.9517118)",auto,1,0,,
233,232,266509118,65,61,1,121.24,,,,residential,6,"LINESTRING (116.3337122 39.9517118, 116.3339114 39.9510562, 116.3340166 39.9506450)",auto,1,0,,
234,233,266509119,61,68,1,81.42,,,,residential,6,"LINESTRING (116.3340166 39.9506450, 116.3331092 39.9504205)",auto,1,0,,
235,234,266509119,68,61,1,81.42,,,,residential,6,"LINESTRING (116.3331092 39.9504205, 116.3340166 39.9506450)",auto,1,0,,
236,235,266509119,68,27,1,85.52,,,,residential,6,"LINESTRING (116.3331092 39.9504205, 116.3321357 39.9502408)",auto,1,0,,
237,236,266509119,27,68,1,85.52,,,,residential,6,"LINESTRING (116.3321357 39.9502408, 116.3331092 39.9504205)",auto,1,0,,
238,237,266509119,27,141,1,147.9,,,,residential,6,"LINESTRING (116.3321357 39.9502408, 116.3307712 39.9499856, 116.3306807 39.9499687, 116.3304587 39.9499117)",auto,1,0,,
239,238,266509119,141,27,1,147.9,,,,residential,6,"LINESTRING (116.3304587 39.9499117, 116.3306807 39.9499687, 116.3307712 39.9499856, 116.3321357 39.9502408)",auto,1,0,,
240,239,266509126,143,144,1,118.56,,,,unclassified,15,"LINESTRING (116.3345753 39.9488398, 116.3349206 39.9488922, 116.3350535 39.9488497, 116.3354409 39.9489200, 116.3359276 39.9489850)",auto,1,0,,
241,240,266509126,144,143,1,118.56,,,,unclassified,15,"LINESTRING (116.3359276 39.9489850, 116.3354409 39.9489200, 116.3350535 39.9488497, 116.3349206 39.9488922, 116.3345753 39.9488398)",auto,1,0,,
242,241,266509126,144,145,1,31.81,,,,unclassified,15,"LINESTRING (116.3359276 39.9489850, 116.3359084 39.9490549, 116.3360908 39.9490807, 116.3361148 39.9490107)",auto,1,0,,
243,242,266509126,145,144,1,31.81,,,,unclassified,15,"LINESTRING (116.3361148 39.9490107, 116.3360908 39.9490807, 116.3359084 39.9490549, 116.3359276 39.9489850)",auto,1,0,,
244,243,266509126,145,146,1,67.92,,,,unclassified,15,"LINESTRING (116.3361148 39.9490107, 116.3368916 39.9491411)",auto,1,0,,
245,244,266509126,146,145,1,67.92,,,,unclassified,15,"LINESTRING (116.3368916 39.9491411, 116.3361148 39.9490107)",auto,1,0,,
246,245,266509127,144,145,1,29.44,,,,unclassified,15,"LINESTRING (116.3359276 39.9489850, 116.3359468 39.9489261, 116.3361244 39.9489445, 116.3361148 39.9490107)",auto,1,0,,
247,246,266509127,145,144,1,29.44,,,,unclassified,15,"LINESTRING (116.3361148 39.9490107, 116.3361244 39.9489445, 116.3359468 39.9489261, 116.3359276 39.9489850)",auto,1,0,,
248,247,266509130,86,147,1,52.28,3,,,secondary,4,"LINESTRING (116.3359951 39.9460122, 116.3359364 39.9460829, 116.3358751 39.9461955, 116.3357792 39.9464501)",auto,0,0,,
249,248,266509130,147,112,1,14.53,3,,,secondary,4,"LINESTRING (116.3357792 39.9464501, 116.3357318 39.9465758)",auto,0,0,,
250,249,266509130,112,13,1,11.55,3,,,secondary,4,"LINESTRING (116.3357318 39.9465758, 116.3357085 39.9466783)",auto,0,0,,
251,250,266509190,29,72,1,83.6,,,,unclassified,15,"LINESTRING (116.3326405 39.9485416, 116.3335963 39.9487033)",auto,1,0,,
252,251,266509190,72,29,1,83.6,,,,unclassified,15,"LINESTRING (116.3335963 39.9487033, 116.3326405 39.9485416)",auto,1,0,,
253,252,266509191,30,73,1,85.07,,,,unclassified,15,"LINESTRING (116.3327234 39.9482074, 116.3336987 39.9483624)",auto,1,0,,
254,253,266509191,73,30,1,85.07,,,,unclassified,15,"LINESTRING (116.3336987 39.9483624, 116.3327234 39.9482074)",auto,1,0,,
255,254,266509286,71,148,1,84.66,,,,unclassified,15,"LINESTRING (116.3335750 39.9487872, 116.3344490 39.9489326, 116.3345437 39.9489483)",auto,1,0,,
256,255,266509286,148,71,1,84.66,,,,unclassified,15,"LINESTRING (116.3345437 39.9489483, 116.3344490 39.9489326, 116.3335750 39.9487872)",auto,1,0,,
257,256,266509287,70,149,1,84.68,,,,unclassified,15,"LINESTRING (116.3334740 39.9491182, 116.3344449 39.9492723)",auto,1,0,,
258,257,266509287,149,70,1,84.68,,,,unclassified,15,"LINESTRING (116.3344449 39.9492723, 116.3334740 39.9491182)",auto,1,0,,
259,258,266509288,28,69,1,82.68,,,,unclassified,15,"LINESTRING (116.3324510 39.9492127, 116.3333929 39.9493842)",auto,1,0,,
260,259,266509288,69,28,1,82.68,,,,unclassified,15,"LINESTRING (116.3333929 39.9493842, 116.3324510 39.9492127)",auto,1,0,,
261,260,266510291,150,151,1,120.13,,,,unclassified,15,"LINESTRING (116.3371389 39.9483007, 116.3380569 39.9484734, 116.3379521 39.9488191)",auto,1,0,,
262,261,266510291,151,150,1,120.13,,,,unclassified,15,"LINESTRING (116.3379521 39.9488191, 116.3380569 39.9484734, 116.3371389 39.9483007)",auto,1,0,,
263,262,266510291,151,152,1,20.95,,,,unclassified,15,"LINESTRING (116.3379521 39.9488191, 116.3378966 39.9490030)",auto,1,0,,
264,263,266510291,152,151,1,20.95,,,,unclassified,15,"LINESTRING (116.3378966 39.9490030, 116.3379521 39.9488191)",auto,1,0,,
265,264,266510291,152,37,1,53.26,,,,unclassified,15,"LINESTRING (116.3378966 39.9490030, 116.3385029 39.9491147)",auto,1,0,,
266,265,266510291,37,152,1,53.26,,,,unclassified,15,"LINESTRING (116.3385029 39.9491147, 116.3378966 39.9490030)",auto,1,0,,
267,266,266510292,153,151,1,80.47,,,,unclassified,15,"LINESTRING (116.3370369 39.9486473, 116.3379521 39.9488191)",auto,1,0,,
268,267,266510292,151,153,1,80.47,,,,unclassified,15,"LINESTRING (116.3379521 39.9488191, 116.3370369 39.9486473)",auto,1,0,,
269,268,266510293,35,154,1,53.52,,,,unclassified,15,"LINESTRING (116.3383076 39.9497561, 116.3382728 39.9497505, 116.3376945 39.9496567)",auto,1,0,,
270,269,266510293,154,35,1,53.52,,,,unclassified,15,"LINESTRING (116.3376945 39.9496567, 116.3382728 39.9497505, 116.3383076 39.9497561)",auto,1,0,,
271,270,266510293,154,155,1,79.55,,,,unclassified,15,"LINESTRING (116.3376945 39.9496567, 116.3368077 39.9495185, 116.3367818 39.9495145)",auto,1,0,,
272,271,266510293,155,154,1,79.55,,,,unclassified,15,"LINESTRING (116.3367818 39.9495145, 116.3368077 39.9495185, 116.3376945 39.9496567)",auto,1,0,,
273,272,266510294,152,154,1,74.58,,,,unclassified,15,"LINESTRING (116.3378966 39.9490030, 116.3376945 39.9496567)",auto,1,0,,
274,273,266510294,154,152,1,74.58,,,,unclassified,15,"LINESTRING (116.3376945 39.9496567, 116.3378966 39.9490030)",auto,1,0,,
275,274,266510295,36,156,1,75.17,,,,unclassified,15,"LINESTRING (116.3383717 39.9495639, 116.3392286 39.9497181)",auto,1,0,,
276,275,266510295,156,36,1,75.17,,,,unclassified,15,"LINESTRING (116.3392286 39.9497181, 116.3383717 39.9495639)",auto,1,0,,
277,276,266510295,156,38,1,52.53,,,,unclassified,15,"LINESTRING (116.3392286 39.9497181, 116.3393588 39.9492555)",auto,1,0,,
278,277,266510295,38,156,1,52.53,,,,unclassified,15,"LINESTRING (116.3393588 39.9492555, 116.3392286 39.9497181)",auto,1,0,,
279,278,266510296,34,157,1,76.09,,,,unclassified,15,"LINESTRING (116.3382813 39.9498566, 116.3384424 39.9498810, 116.3389088 39.9499433, 116.3391558 39.9499862)",auto,1,0,,
280,279,266510296,157,34,1,76.09,,,,unclassified,15,"LINESTRING (116.3391558 39.9499862, 116.3389088 39.9499433, 116.3384424 39.9498810, 116.3382813 39.9498566)",auto,1,0,,
281,280,266510296,157,156,1,30.4,,,,unclassified,15,"LINESTRING (116.3391558 39.9499862, 116.3392286 39.9497181)",auto,1,0,,
282,281,266510296,156,157,1,30.4,,,,unclassified,15,"LINESTRING (116.3392286 39.9497181, 116.3391558 39.9499862)",auto,1,0,,
283,282,266510297,157,57,1,109.51,,,,unclassified,15,"LINESTRING (116.3391558 39.9499862, 116.3391121 39.9501583, 116.3401410 39.9503348)",auto,1,0,,
284,283,266510297,57,157,1,109.51,,,,unclassified,15,"LINESTRING (116.3401410 39.9503348, 116.3391121 39.9501583, 116.3391558 39.9499862)",auto,1,0,,
285,284,266512461,158,105,1,84.04,,,,unclassified,15,"LINESTRING (116.3341161 39.9503445, 116.3350753 39.9505127)",auto,1,0,,
286,285,266512461,105,158,1,84.04,,,,unclassified,15,"LINESTRING (116.3350753 39.9505127, 116.3341161 39.9503445)",auto,1,0,,
287,286,370919990,23,159,1,25.81,,,,residential,6,"LINESTRING (116.3424232 39.9522180, 116.3424208 39.9523138, 116.3423986 39.9524495)",auto,1,0,,
288,287,370919990,159,23,1,25.81,,,,residential,6,"LINESTRING (116.3423986 39.9524495, 116.3424208 39.9523138, 116.3424232 39.9522180)",auto,1,0,,
289,288,370919990,159,160,1,67.6,,,,residential,6,"LINESTRING (116.3423986 39.9524495, 116.3420860 39.9526654, 116.3418996 39.9529126)",auto,1,0,,
290,289,370919990,160,159,1,67.6,,,,residential,6,"LINESTRING (116.3418996 39.9529126, 116.3420860 39.9526654, 116.3423986 39.9524495)",auto,1,0,,
291,290,370919990,160,161,1,61.38,,,,residential,6,"LINESTRING (116.3418996 39.9529126, 116.3426007 39.9530337)",auto,1,0,,
292,291,370919990,161,160,1,61.38,,,,residential,6,"LINESTRING (116.3426007 39.9530337, 116.3418996 39.9529126)",auto,1,0,,
293,292,370919992,160,162,1,9.77,,,,residential,6,"LINESTRING (116.3418996 39.9529126, 116.3418777 39.9529990)",auto,1,0,,
294,293,370919992,162,160,1,9.77,,,,residential,6,"LINESTRING (116.3418777 39.9529990, 116.3418996 39.9529126)",auto,1,0,,
295,294,370919992,162,163,1,96.34,,,,residential,6,"LINESTRING (116.3418777 39.9529990, 116.3418229 39.9531723, 116.3417175 39.9538572)",auto,1,0,,
296,295,370919992,163,162,1,96.34,,,,residential,6,"LINESTRING (116.3417175 39.9538572, 116.3418229 39.9531723, 116.3418777 39.9529990)",auto,1,0,,
297,296,417146126,63,164,1,99.13,,,,residential,6,"LINESTRING (116.3380861 39.9525064, 116.3382502 39.9520957, 116.3388349 39.9522067)",auto,1,0,,
298,297,417146126,164,63,1,99.13,,,,residential,6,"LINESTRING (116.3388349 39.9522067, 116.3382502 39.9520957, 116.3380861 39.9525064)",auto,1,0,,
299,298,417146126,164,62,1,47.37,,,,residential,6,"LINESTRING (116.3388349 39.9522067, 116.3388005 39.9526327)",auto,1,0,,
300,299,417146126,62,164,1,47.37,,,,residential,6,"LINESTRING (116.3388005 39.9526327, 116.3388349 39.9522067)",auto,1,0,,
301,300,417146132,52,165,1,60.53,,,,residential,6,"LINESTRING (116.3388635 39.9514411, 116.3387463 39.9518654, 116.3388750 39.9519168)",auto,1,0,,
302,301,417146132,165,52,1,60.53,,,,residential,6,"LINESTRING (116.3388750 39.9519168, 116.3387463 39.9518654, 116.3388635 39.9514411)",auto,1,0,,
303,302,417146132,165,164,1,32.36,,,,residential,6,"LINESTRING (116.3388750 39.9519168, 116.3388349 39.9522067)",auto,1,0,,
304,303,417146132,164,165,1,32.36,,,,residential,6,"LINESTRING (116.3388349 39.9522067, 116.3388750 39.9519168)",auto,1,0,,
305,304,417146133,164,166,1,41.15,,,,residential,6,"LINESTRING (116.3388349 39.9522067, 116.3393069 39.9522807)",auto,1,0,,
306,305,417146133,166,164,1,41.15,,,,residential,6,"LINESTRING (116.3393069 39.9522807, 116.3388349 39.9522067)",auto,1,0,,
307,306,417146133,166,47,1,49.07,,,,residential,6,"LINESTRING (116.3393069 39.9522807, 116.3393075 39.9527228)",auto,1,0,,
308,307,417146133,47,166,1,49.07,,,,residential,6,"LINESTRING (116.3393075 39.9527228, 116.3393069 39.9522807)",auto,1,0,,
309,308,417146140,165,167,1,57.43,,,,residential,6,"LINESTRING (116.3388750 39.9519168, 116.3395365 39.9520092)",auto,1,0,,
310,309,417146140,167,165,1,57.43,,,,residential,6,"LINESTRING (116.3395365 39.9520092, 116.3388750 39.9519168)",auto,1,0,,
311,310,417146140,167,166,1,58.26,,,,residential,6,"LINESTRING (116.3395365 39.9520092, 116.3396545 39.9520257, 116.3396840 39.9520833, 116.3395311 39.9522354, 116.3393069 39.9522807)",auto,1,0,,
312,311,417146140,166,167,1,58.26,,,,residential,6,"LINESTRING (116.3393069 39.9522807, 116.3395311 39.9522354, 116.3396840 39.9520833, 116.3396545 39.9520257, 116.3395365 39.9520092)",auto,1,0,,
313,312,417146142,167,51,1,50.02,,,,residential,6,"LINESTRING (116.3395365 39.9520092, 116.3396049 39.9515616)",auto,1,0,,
314,313,417146142,51,167,1,50.02,,,,residential,6,"LINESTRING (116.3396049 39.9515616, 116.3395365 39.9520092)",auto,1,0,,
315,314,421587941,168,169,1,127.77,,,,residential,6,"LINESTRING (116.3413303 39.9442495, 116.3414980 39.9442890, 116.3416335 39.9443615, 116.3417655 39.9444537, 116.3418974 39.9446034, 116.3418990 39.9447318, 116.3418470 39.9451727)",auto,1,0,,
316,315,421587941,169,168,1,127.77,,,,residential,6,"LINESTRING (116.3418470 39.9451727, 116.3418990 39.9447318, 116.3418974 39.9446034, 116.3417655 39.9444537, 116.3416335 39.9443615, 116.3414980 39.9442890, 116.3413303 39.9442495)",auto,1,0,,
317,316,421587941,169,170,1,107.98,,,,residential,6,"LINESTRING (116.3418470 39.9451727, 116.3416965 39.9461387)",auto,1,0,,
318,317,421587941,170,169,1,107.98,,,,residential,6,"LINESTRING (116.3416965 39.9461387, 116.3418470 39.9451727)",auto,1,0,,
319,318,421587941,170,171,1,32.42,,,,residential,6,"LINESTRING (116.3416965 39.9461387, 116.3416514 39.9464287)",auto,1,0,,
320,319,421587941,171,170,1,32.42,,,,residential,6,"LINESTRING (116.3416514 39.9464287, 116.3416965 39.9461387)",auto,1,0,,
321,320,421587941,171,172,1,451.54,,,,residential,6,"LINESTRING (116.3416514 39.9464287, 116.3415021 39.9473869, 116.3403011 39.9472782, 116.3403727 39.9467717, 116.3403952 39.9466123, 116.3404291 39.9463492, 116.3404713 39.9460216, 116.3405109 39.9457150, 116.3405491 39.9454172, 116.3405871 39.9451169)",auto,1,0,,
322,321,421587941,172,171,1,451.54,,,,residential,6,"LINESTRING (116.3405871 39.9451169, 116.3405491 39.9454172, 116.3405109 39.9457150, 116.3404713 39.9460216, 116.3404291 39.9463492, 116.3403952 39.9466123, 116.3403727 39.9467717, 116.3403011 39.9472782, 116.3415021 39.9473869, 116.3416514 39.9464287)",auto,1,0,,
323,322,421587941,172,168,1,132.76,,,,residential,6,"LINESTRING (116.3405871 39.9451169, 116.3406356 39.9447894, 116.3407241 39.9444502, 116.3408053 39.9443762, 116.3410306 39.9443145, 116.3413303 39.9442495)",auto,1,0,,
324,323,421587941,168,172,1,132.76,,,,residential,6,"LINESTRING (116.3413303 39.9442495, 116.3410306 39.9443145, 116.3408053 39.9443762, 116.3407241 39.9444502, 116.3406356 39.9447894, 116.3405871 39.9451169)",auto,1,0,,
325,324,421587947,173,172,1,66.1,,,,residential,6,"LINESTRING (116.3398145 39.9450852, 116.3405871 39.9451169)",auto,1,0,,
326,325,421587947,172,173,1,66.1,,,,residential,6,"LINESTRING (116.3405871 39.9451169, 116.3398145 39.9450852)",auto,1,0,,
327,326,421587947,172,169,1,107.81,,,,residential,6,"LINESTRING (116.3405871 39.9451169, 116.3418470 39.9451727)",auto,1,0,,
328,327,421587947,169,172,1,107.81,,,,residential,6,"LINESTRING (116.3418470 39.9451727, 116.3405871 39.9451169)",auto,1,0,,
329,328,421588667,170,171,1,155.51,,,,residential,6,"LINESTRING (116.3416965 39.9461387, 116.3424256 39.9462126, 116.3423725 39.9464866, 116.3416514 39.9464287)",auto,1,0,,
330,329,421588667,171,170,1,155.51,,,,residential,6,"LINESTRING (116.3416514 39.9464287, 116.3423725 39.9464866, 116.3424256 39.9462126, 116.3416965 39.9461387)",auto,1,0,,
331,330,462630728,8,174,1,498.34,,,,tertiary,5,"LINESTRING (116.3344038 39.9464925, 116.3286000 39.9460403)",auto,0,0,,
332,331,462630729,175,103,1,1.29,,,,tertiary,5,"LINESTRING (116.3286000 39.9459074, 116.3286150 39.9459087)",auto,0,0,,
333,332,462630729,103,56,1,205.97,,,,tertiary,5,"LINESTRING (116.3286150 39.9459087, 116.3310120 39.9461085)",auto,0,0,,
334,333,462630729,56,176,1,291.44,,,,tertiary,5,"LINESTRING (116.3310120 39.9461085, 116.3315416 39.9461510, 116.3319228 39.9461816, 116.3344072 39.9463656)",auto,0,0,,
335,334,462630729,176,9,1,16.06,,,,tertiary,5,"LINESTRING (116.3344072 39.9463656, 116.3345943 39.9463794)",auto,0,0,,
336,335,478580532,162,131,1,61.12,,,,residential,6,"LINESTRING (116.3418777 39.9529990, 116.3413694 39.9529149, 116.3412052 39.9529967)",auto,1,0,,
337,336,478580532,131,162,1,61.12,,,,residential,6,"LINESTRING (116.3412052 39.9529967, 116.3413694 39.9529149, 116.3418777 39.9529990)",auto,1,0,,
338,337,478583297,163,161,1,165.46,,,,residential,6,"LINESTRING (116.3417175 39.9538572, 116.3424557 39.9539431, 116.3426007 39.9530337)",auto,1,0,,
339,338,478583297,161,163,1,165.46,,,,residential,6,"LINESTRING (116.3426007 39.9530337, 116.3424557 39.9539431, 116.3417175 39.9538572)",auto,1,0,,
340,339,478583297,161,177,1,59.6,,,,residential,6,"LINESTRING (116.3426007 39.9530337, 116.3428190 39.9525237)",auto,1,0,,
341,340,478583297,177,161,1,59.6,,,,residential,6,"LINESTRING (116.3428190 39.9525237, 116.3426007 39.9530337)",auto,1,0,,
342,341,478583298,159,177,1,36.84,,,,residential,6,"LINESTRING (116.3423986 39.9524495, 116.3428190 39.9525237)",auto,1,0,,
343,342,478583298,177,159,1,36.84,,,,residential,6,"LINESTRING (116.3428190 39.9525237, 116.3423986 39.9524495)",auto,1,0,,
344,343,526224704,150,153,1,39.44,,,,residential,6,"LINESTRING (116.3371389 39.9483007, 116.3370369 39.9486473)",auto,1,0,,
345,344,526224704,153,150,1,39.44,,,,residential,6,"LINESTRING (116.3370369 39.9486473, 116.3371389 39.9483007)",auto,1,0,,
346,345,526224704,153,146,1,56.19,,,,residential,6,"LINESTRING (116.3370369 39.9486473, 116.3368916 39.9491411)",auto,1,0,,
347,346,526224704,146,153,1,56.19,,,,residential,6,"LINESTRING (116.3368916 39.9491411, 116.3370369 39.9486473)",auto,1,0,,
348,347,526224704,146,155,1,42.49,,,,residential,6,"LINESTRING (116.3368916 39.9491411, 116.3367818 39.9495145)",auto,1,0,,
349,348,526224704,155,146,1,42.49,,,,residential,6,"LINESTRING (116.3367818 39.9495145, 116.3368916 39.9491411)",auto,1,0,,
350,349,526224704,155,76,1,73.71,,,,residential,6,"LINESTRING (116.3367818 39.9495145, 116.3365912 39.9501622)",auto,1,0,,
351,350,526224704,76,155,1,73.71,,,,residential,6,"LINESTRING (116.3365912 39.9501622, 116.3367818 39.9495145)",auto,1,0,,
352,351,526224706,74,150,1,286.79,,,,residential,6,"LINESTRING (116.3338723 39.9477911, 116.3352419 39.9480478, 116.3354495 39.9480048, 116.3371389 39.9483007)",auto,1,0,,
353,352,526224706,150,74,1,286.79,,,,residential,6,"LINESTRING (116.3371389 39.9483007, 116.3354495 39.9480048, 116.3352419 39.9480478, 116.3338723 39.9477911)",auto,1,0,,
354,353,540606517,168,133,1,31.37,,,,residential,6,"LINESTRING (116.3413303 39.9442495, 116.3413371 39.9440583, 116.3413171 39.9439682)",auto,1,0,,
355,354,540606517,133,168,1,31.37,,,,residential,6,"LINESTRING (116.3413171 39.9439682, 116.3413371 39.9440583, 116.3413303 39.9442495)",auto,1,0,,
356,355,933209325,178,107,1,30.7,,,,residential,6,"LINESTRING (116.3368269 39.9511457, 116.3367426 39.9514146)",auto,1,0,,
357,356,933209325,107,178,1,30.7,,,,residential,6,"LINESTRING (116.3367426 39.9514146, 116.3368269 39.9511457)",auto,1,0,,
358,357,933209326,179,107,1,48.39,,,,residential,6,"LINESTRING (116.3366482 39.9518443, 116.3367299 39.9514502, 116.3367426 39.9514146)",auto,1,0,,
359,358,933209326,107,179,1,48.39,,,,residential,6,"LINESTRING (116.3367426 39.9514146, 116.3367299 39.9514502, 116.3366482 39.9518443)",auto,1,0,,
360,359,933209327,53,178,1,92.23,,,,residential,6,"LINESTRING (116.3378916 39.9512831, 116.3372960 39.9511988, 116.3368269 39.9511457)",auto,1,0,,
361,360,933209327,178,53,1,92.23,,,,residential,6,"LINESTRING (116.3368269 39.9511457, 116.3372960 39.9511988, 116.3378916 39.9512831)",auto,1,0,,
362,361,933209327,178,58,1,5.57,,,,residential,6,"LINESTRING (116.3368269 39.9511457, 116.3367619 39.9511414)",auto,1,0,,
363,362,933209327,58,178,1,5.57,,,,residential,6,"LINESTRING (116.3367619 39.9511414, 116.3368269 39.9511457)",auto,1,0,,
364,363,966348134,119,126,1,19.32,,,,tertiary,5,"LINESTRING (116.3382553 39.9446914, 116.3383860 39.9445493)",auto,0,0,,
365,364,966348135,117,122,1,40.72,3,,,secondary,4,"LINESTRING (116.3353070 39.9460138, 116.3355339 39.9458967, 116.3356954 39.9458014)",auto,0,0,,
366,365,1050791280,117,126,1,310.83,,,,tertiary,5,"LINESTRING (116.3353070 39.9460138, 116.3355238 39.9458292, 116.3357422 39.9457103, 116.3363246 39.9454361, 116.3365113 39.9453584, 116.3367835 39.9452614, 116.3372464 39.9450545, 116.3378058 39.9448173, 116.3379387 39.9447348, 116.3383860 39.9445493)",auto,0,0,,
367,366,1055429155,18,180,1,294.07,,,,secondary,4,"LINESTRING (116.3400051 39.9568514, 116.3387225 39.9567842, 116.3383303 39.9567636, 116.3365702 39.9566713)",auto,0,0,,
368,367,1055429155,180,139,1,218.9,,,,secondary,4,"LINESTRING (116.3365702 39.9566713, 116.3364563 39.9566653, 116.3347398 39.9565753, 116.3340133 39.9565372)",auto,0,0,,
369,368,1055429155,139,26,1,412.91,,,,secondary,4,"LINESTRING (116.3340133 39.9565372, 116.3291903 39.9562843)",auto,0,0,,
370,369,1055429156,110,104,1,14.91,3,,,secondary,4,"LINESTRING (116.3351153 39.9464332, 116.3349738 39.9465118)",auto,0,0,,
371,370,1055429157,104,8,1,48.74,,,,tertiary,5,"LINESTRING (116.3349738 39.9465118, 116.3344038 39.9464925)",auto,0,0,,
372,371,1055429158,116,0,1,13.2,,,,tertiary,5,"LINESTRING (116.3440557 39.9430706, 116.3439109 39.9431121)",auto,0,0,,
373,372,1055429171,25,140,1,412.91,,,,secondary,4,"LINESTRING (116.3292033 39.9561785, 116.3340253 39.9564433)",auto,0,0,,
374,373,1055429171,140,181,1,218.2,,,,secondary,4,"LINESTRING (116.3340253 39.9564433, 116.3346339 39.9564833, 116.3349562 39.9565002, 116.3365734 39.9565832)",auto,0,0,,
375,374,1055429171,181,90,1,295.83,,,,secondary,4,"LINESTRING (116.3365734 39.9565832, 116.3384995 39.9566890, 116.3400281 39.9567729)",auto,0,0,,
376,375,1055449624,26,3,1,15.62,,,,secondary,4,"LINESTRING (116.3291903 39.9562843, 116.3290079 39.9562747)",auto,0,0,,
377,376,1055449632,15,25,1,15.65,,,,secondary,4,"LINESTRING (116.3290205 39.9561685, 116.3292033 39.9561785)",auto,0,0,,
378,377,1055468685,121,182,1,48.45,,,,secondary,4,"LINESTRING (116.3431271 39.9430590, 116.3436596 39.9429089)",auto,0,0,,
379,378,1055468685,182,123,1,11.39,,,,secondary,4,"LINESTRING (116.3436596 39.9429089, 116.3437821 39.9428685)",auto,0,0,,
380,379,1055468686,128,121,1,19.59,,,,tertiary,5,"LINESTRING (116.3429087 39.9431129, 116.3431271 39.9430590)",auto,0,0,,
